Index,target
18738,0
14083,0
6172,0
2821,0
11725,0
3392,0
17996,0
18240,0
21538,0
6998,1
10800,0
3337,0
19659,0
5977,0
3589,0
1158,0
2212,0
14867,0
20714,0
15959,0
3446,0
13274,0
13072,0
19298,0
18356,0
16327,0
6958,0
9900,0
15607,0
20155,0
12322,0
4312,0
13587,0
20088,0
13791,0
1353,0
17637,0
19338,0
1043,0
22083,0
22250,0
2268,0
7339,0
12367,1
13094,0
1443,0
16908,0
150,0
1224,0
8102,0
2405,0
8333,0
7857,0
20549,0
1258,0
15438,0
9706,0
16075,0
16431,0
4537,0
3513,0
16449,1
18906,0
2495,1
18109,0
9436,1
20813,0
14803,0
10676,0
4594,0
15268,0
6570,0
1739,0
6639,0
4810,0
3107,0
16776,0
1433,0
3495,0
12649,1
5161,0
13054,0
9746,0
3171,1
15685,0
2021,0
8165,0
16441,0
5224,0
13424,0
21676,0
17861,0
911,0
3472,0
16173,0
6420,0
4653,0
13836,1
21330,1
6839,0
21608,1
10755,0
22235,0
9550,1
11610,0
7501,0
3416,0
2665,0
10264,0
5418,0
19891,0
8451,0
21412,0
12354,1
11008,0
12474,0
22359,1
18374,0
17932,0
1738,0
1180,0
994,0
6364,0
3840,0
10236,0
18726,0
2197,0
11335,0
18962,0
20988,0
9452,0
15643,0
7977,0
13021,0
6394,0
6724,0
17942,1
18753,0
13262,0
8007,0
8390,0
18005,0
10289,0
22066,0
16359,0
18888,0
19288,0
16708,0
18231,0
2362,0
12570,0
15177,0
18214,0
10734,0
328,0
13135,0
18884,1
15511,0
10228,0
16692,0
21737,0
16073,0
5755,0
14908,0
15968,1
11988,1
13047,1
13481,0
1251,0
5236,0
21009,0
6961,1
18818,0
18874,0
14151,0
3372,0
21612,0
13848,1
17628,0
9135,0
743,0
12302,0
12807,0
12294,0
17711,0
17722,0
4881,1
22409,0
18614,0
1213,0
556,0
20008,1
4820,0
8321,0
6686,0
6361,0
7992,0
14963,0
4577,0
12814,0
4925,0
20573,0
10156,0
8752,0
11710,0
16168,0
6762,0
17617,0
19018,0
21007,0
11622,0
17173,0
18620,0
8079,0
920,0
3097,0
4181,0
12078,0
13926,0
14753,0
2094,0
20627,0
2387,0
21413,0
18016,0
2088,0
5034,0
14932,0
14352,0
16870,0
1394,0
12468,0
16715,0
20481,0
11380,0
1678,0
9343,0
19774,0
5182,0
21892,0
19852,0
2996,0
18852,0
10811,0
5924,0
5764,1
18908,0
1929,0
12863,0
16838,0
418,0
20222,0
9300,0
5475,0
20005,0
22233,0
2546,0
17939,0
22018,0
6504,0
13413,0
14316,0
9158,0
1578,0
5860,0
2917,0
9714,1
11824,0
1926,0
2320,0
21804,0
10754,0
11759,0
10974,0
3793,0
14226,0
19400,0
9254,0
16112,0
21107,0
9636,0
16065,0
3214,0
16305,0
1099,0
5595,0
12852,0
1111,0
21503,1
12666,0
9384,0
13228,0
9806,0
9513,0
12149,0
18957,0
17986,0
11036,0
693,0
163,0
17395,0
6183,0
16119,0
21308,0
2294,1
4620,0
11004,0
11058,0
3243,0
13624,0
2132,0
9106,1
10192,0
7176,0
5353,0
14276,0
18289,0
11110,0
6294,0
11466,0
1081,1
22500,0
14858,1
2493,0
13470,1
1953,0
13124,0
6245,0
17856,0
14245,0
3877,0
14745,0
12624,0
18815,0
6646,1
11001,0
1095,0
18244,0
6221,0
1822,0
1570,0
5478,1
2279,1
6558,0
18820,0
13650,0
16550,0
19575,1
17988,1
14009,1
22210,0
15958,0
691,0
10930,0
11003,0
1406,0
12851,0
8865,0
22515,0
11645,0
7963,0
6114,0
8449,0
5493,0
18523,0
5975,0
1957,0
14168,0
7358,0
14097,0
10040,0
4391,0
6933,0
1425,0
1188,1
3257,0
14978,0
6673,0
9029,0
7771,0
8848,0
12753,0
3660,0
7489,0
20593,0
10438,0
11505,0
12751,0
7334,0
20595,1
19776,0
10612,0
22051,0
13174,0
7413,0
3703,1
3807,0
22071,0
11002,0
20710,1
7321,0
6080,0
22040,0
6812,0
1813,0
20802,0
1566,0
10560,1
4393,0
20823,0
11869,0
4183,0
5681,0
13534,0
12704,0
2301,0
38,0
6320,0
12082,0
4951,0
16014,1
2044,0
9283,0
6211,1
13452,0
15602,0
1682,0
5938,0
10428,0
5387,0
355,0
10235,0
10416,0
9610,0
18571,0
13296,0
11843,0
9018,0
9308,0
13372,0
20122,1
16383,0
20492,0
11723,0
3937,0
9798,0
5625,0
7523,0
4884,0
4256,1
1615,0
21598,1
8176,0
10429,0
9922,0
21920,1
3046,0
11776,0
3273,0
10914,0
15845,0
4864,0
1758,0
15058,1
533,0
5440,0
3536,0
11814,0
22445,0
11500,0
10381,0
19541,0
12845,0
20198,0
17121,0
12393,0
20891,0
2227,0
282,0
7891,0
7713,1
19267,0
14401,0
15826,0
19333,0
14860,0
16429,0
6483,0
20261,0
513,0
2794,0
7565,0
5537,0
20855,0
14521,1
1790,0
16777,0
695,0
5904,0
19956,1
1216,0
12817,0
1278,0
6768,0
8798,0
18097,0
13644,0
7965,0
5439,0
3182,0
17835,0
8177,0
13778,0
4451,0
8269,0
17392,1
9074,0
9745,1
10037,0
9558,0
16592,0
17970,0
19345,0
5894,0
8823,0
17989,0
20221,0
9704,0
17082,0
6529,1
10867,0
13235,0
8097,0
10397,0
11400,1
19433,0
6169,1
3455,0
18372,0
6103,0
8011,0
6447,0
7529,0
13726,1
8282,0
4083,0
1105,0
16157,0
7421,0
7568,0
20663,0
2375,0
17749,0
1426,0
8699,0
21209,0
8898,0
15610,0
9311,0
19620,0
16425,0
13151,0
11571,0
4699,0
5971,0
3174,0
4601,0
4617,0
14577,0
3698,0
10007,0
5243,0
12482,0
2866,0
1137,0
7433,0
19906,1
18145,0
19007,1
2561,0
73,0
5745,0
10837,0
8776,0
17411,0
19813,0
14323,0
5719,0
13525,0
15400,0
2089,0
9642,0
1491,1
4157,0
12058,0
16998,0
12267,0
9439,0
10890,0
8812,0
3607,0
7369,0
13591,1
2449,0
16835,0
1645,0
4616,0
801,1
362,1
19656,0
8290,0
19016,1
1119,0
16485,1
8453,0
16772,0
14042,0
14128,0
16580,0
8467,0
13751,0
6303,0
9799,0
906,0
4351,0
13606,0
1223,0
4389,0
10080,1
19015,1
19111,0
15265,0
21275,0
3390,0
5770,1
21816,0
2144,1
1950,0
7693,0
856,0
21956,0
16712,0
14475,0
4690,1
2537,0
20345,0
10605,0
16845,0
21262,0
8711,0
13050,0
22282,0
10261,1
8674,0
14421,0
12057,0
13229,1
8725,0
9634,0
16595,0
18178,1
6261,0
14734,0
2330,0
1292,0
16873,0
4773,0
11524,0
17179,0
15157,1
20756,0
16464,0
4572,0
15431,0
22088,0
6401,0
2516,0
10431,0
8025,0
18414,1
19127,0
2004,0
13397,0
2274,1
4673,0
6110,0
17269,0
837,0
8545,0
18556,1
8726,0
21749,1
1949,0
11240,0
22099,0
1094,0
18973,0
11447,0
9822,0
12338,0
14069,0
17171,0
2993,0
10407,0
9966,0
15671,0
11349,0
3130,0
3752,1
13877,0
21950,0
4022,0
8140,0
16607,0
7495,1
11772,0
19031,0
17257,0
18275,0
2376,0
20726,0
9399,0
3692,0
19887,0
15874,0
15328,0
4496,0
1287,0
19117,0
14921,1
11951,0
853,0
9122,0
17211,0
22399,0
5291,0
1148,0
3505,0
1313,1
8671,0
15684,0
1604,1
12361,0
21952,0
13500,0
6381,0
5294,0
9229,0
21301,0
3769,0
9065,0
17178,0
584,0
3160,0
8900,0
2181,0
874,0
22479,0
12351,0
6963,0
4621,0
20471,0
21624,0
16463,0
6985,1
5207,0
18877,0
9498,0
8420,0
1767,0
7902,0
8380,0
13098,0
13299,0
9378,0
19805,0
15568,0
7907,0
16727,0
7485,0
17024,1
10656,0
8436,1
21486,0
4344,0
17523,0
3194,0
20719,0
7075,1
15122,0
7041,1
7903,0
7346,0
11173,0
12066,0
13029,0
9682,1
10118,0
5633,1
21177,0
18221,0
653,0
19244,0
2284,0
5912,0
22025,0
17047,0
22406,0
14680,0
19498,0
15350,0
21514,0
7094,0
20072,0
17903,0
11489,0
1536,0
6720,0
19526,0
6235,0
20174,0
11046,0
8289,0
10604,0
2447,0
10549,0
7085,0
19,0
7940,0
10682,0
10706,1
6544,0
10091,0
11576,0
2886,1
15940,0
20831,0
8832,0
10897,1
1249,0
8375,0
17882,0
11042,0
15411,1
21059,0
11749,0
18886,0
9873,0
21189,0
13407,1
6136,0
14804,0
21992,0
17379,0
710,0
21218,0
18215,0
17836,0
11269,0
15279,0
10504,1
17205,0
10697,0
22360,0
18768,1
3302,1
12499,0
12484,0
21923,0
17685,1
703,0
17709,0
11750,0
2264,0
5371,0
17146,0
5552,0
10530,0
18440,0
9744,0
18101,0
7276,0
6935,0
16711,0
16197,0
12546,0
5733,0
22301,1
15935,0
13837,0
22535,0
17011,0
1824,0
2159,0
9561,1
16954,1
20724,0
13563,0
13483,0
20245,0
391,0
4184,0
19473,1
4983,0
15455,0
10231,0
7721,0
13125,0
2950,0
17393,0
14904,0
1533,0
13567,0
7845,0
15995,1
6333,0
10454,0
7849,0
1197,0
6676,0
8631,0
8366,0
9113,1
9531,1
15922,0
3274,0
15416,0
22523,0
9356,0
22381,0
4633,0
13366,0
12098,0
14516,0
1573,0
11499,0
8322,0
1799,0
13800,0
17627,0
6865,0
5936,0
21554,0
13431,0
16333,0
11256,0
4930,0
15204,0
7689,0
2351,0
13031,0
17929,0
442,0
12762,0
3144,0
6621,0
11063,0
3043,0
10783,0
15513,0
18420,0
3038,0
14020,0
18854,0
17112,0
19528,0
6925,0
21017,0
15997,1
18089,0
15555,1
4221,0
12071,0
10872,0
15639,0
3172,0
4277,0
2492,0
5345,0
2116,0
11753,0
18690,0
8208,0
20992,0
5694,0
1670,0
14103,0
20260,0
20993,0
10255,0
3326,0
6502,0
11559,0
14933,0
11118,0
19975,0
4839,0
917,0
5498,0
11253,0
21835,0
20111,0
5634,0
11682,0
4144,0
2259,0
8128,0
87,0
5085,0
20614,0
8867,0
2192,0
3478,0
14328,0
14445,0
5546,0
12491,0
15982,0
13775,0
19259,0
19166,0
15769,0
13706,0
903,0
20597,0
6487,0
9868,0
591,0
13853,0
10936,0
15304,0
16384,0
20692,0
18314,0
14344,0
6305,0
6047,0
12577,0
17859,0
19901,0
6445,0
4136,1
6652,0
21746,0
10332,0
19188,0
18044,0
3983,0
3610,1
6588,0
15226,0
6134,0
2408,0
8912,0
14842,0
13109,1
19120,0
19309,0
8529,0
12824,0
1569,0
5026,0
1958,0
21810,0
20431,0
1186,0
21227,0
21811,1
19913,0
15789,0
19182,0
20618,0
20095,0
19462,0
11907,0
9317,0
14380,1
20293,0
2716,0
20156,0
8600,0
21808,0
18433,0
20167,0
8240,0
9906,0
4299,0
6688,0
14902,0
13153,0
8956,0
8386,1
3810,0
5101,0
8059,0
2809,0
11919,0
6109,0
17434,0
6983,0
18945,0
15825,0
16501,0
14725,0
10166,0
22400,0
4300,0
20700,0
7528,0
13139,0
12353,0
6782,0
15100,0
20689,0
13847,0
19044,0
19232,0
6752,0
357,1
16589,0
2997,0
3835,0
9215,1
3457,0
10006,0
4174,0
16562,0
3055,0
13282,0
11902,0
15619,0
10603,1
15525,0
835,0
785,0
10901,0
7734,1
8735,0
19916,0
10286,0
10492,0
12949,0
19992,0
15816,0
9353,0
13476,0
17899,0
22174,1
2814,0
7216,1
1941,0
9054,0
5001,0
13743,0
10185,0
18717,0
3784,0
7114,0
2299,0
2267,0
15368,1
7917,0
17670,1
4831,0
21700,0
22006,0
19633,0
7204,0
8993,1
11259,0
20558,0
14959,0
2581,0
12131,0
4573,1
13734,0
13412,0
1300,0
557,0
1264,0
62,0
10444,0
11047,0
10874,0
8096,1
7251,0
21328,0
15737,0
650,0
8934,0
4109,0
21480,1
17308,0
13903,0
21786,0
8656,0
12175,0
10243,0
19671,0
14590,0
18129,0
11440,0
21253,0
20565,0
18673,0
16490,0
11051,0
16689,0
1230,0
9073,0
8385,1
2388,0
11146,0
12217,0
7612,0
20840,0
17042,0
16635,0
3251,0
18986,0
8287,0
2980,0
4153,0
13132,0
16731,0
22188,0
15477,0
9118,0
13771,0
15740,0
16504,0
10775,0
4065,0
22256,0
1503,0
11860,0
16455,0
19341,1
4643,0
5703,0
12375,0
6831,0
1806,0
4084,0
3335,0
14771,0
3411,0
13388,0
7006,0
5262,0
3224,0
10450,0
7650,1
7046,0
21270,0
865,1
17436,0
14185,0
12187,0
18825,0
9732,0
3075,0
15707,0
5768,0
1872,0
13852,1
5943,0
9663,0
9479,0
18052,0
5735,0
14215,0
19922,0
11234,0
5142,0
21966,0
16069,0
17624,0
18963,0
9151,1
2834,0
9805,0
5648,0
12120,0
6893,0
22491,1
12745,0
14365,0
10159,0
9205,0
1992,0
21965,0
7916,0
5245,0
12325,0
1018,0
6160,0
12891,0
18557,1
6151,0
277,0
14243,0
5173,1
14741,0
515,0
5020,0
10260,0
21669,0
4211,0
16498,0
18975,0
5139,0
17747,0
8268,0
15085,0
7683,0
8979,0
9641,0
15139,0
20484,0
16279,0
17334,0
20538,1
22085,0
4744,1
18430,0
9368,0
19420,0
16601,0
7588,0
18937,0
13353,0
4004,0
14816,0
7701,0
17247,0
13995,0
18151,0
18229,0
2277,0
8278,0
20208,0
12598,0
12048,0
22035,0
10333,0
11092,0
12572,0
3449,0
544,0
11893,0
7616,0
839,1
7801,0
20609,0
9252,0
14767,0
22527,0
8161,0
6406,0
16814,0
9189,0
14742,0
1851,0
9460,0
17894,0
14302,1
16763,0
2511,0
5527,0
4374,0
18149,0
9079,0
9451,1
3079,0
12099,1
15641,0
13639,0
4889,0
3185,0
612,1
16399,0
5643,0
11703,0
999,0
21432,0
8344,0
12544,0
15465,0
3338,0
4581,0
275,0
7302,0
3341,0
17004,0
370,1
11275,0
9354,0
21791,0
16949,0
13264,0
7043,0
15955,0
13684,0
12443,0
17915,0
12803,1
14747,0
12237,0
13634,0
8581,0
14773,0
20548,0
6898,0
19386,0
21162,0
10354,0
16165,0
16622,0
5512,0
1008,0
15118,0
5324,0
15624,0
17333,0
13104,0
14090,0
10229,0
16817,0
8066,0
18048,0
16250,1
499,0
15956,0
1134,0
7269,0
13719,0
4604,0
18364,0
20987,0
4138,0
11640,0
4411,0
19508,0
11442,0
5832,0
6582,0
20382,0
21378,0
16751,0
20908,0
2407,0
2333,0
18320,1
10257,0
8475,0
11818,0
3159,0
20968,0
7460,0
6479,0
21692,0
803,0
2934,0
12334,1
22060,0
22389,0
20014,1
21235,0
21462,0
8448,1
7928,0
2700,0
14524,1
1170,0
14782,0
14945,0
21738,0
8302,0
4913,0
18803,0
18581,0
17177,0
14144,0
7205,0
6645,0
10666,1
19262,1
4636,0
203,1
9786,0
17887,0
8111,0
15690,0
11086,0
12305,0
18182,0
15505,0
13740,0
12174,0
1097,0
8194,0
1077,0
11578,0
9891,0
5295,0
7351,0
20586,0
14145,0
5477,0
1354,0
11285,0
20566,0
12730,0
14176,0
1279,1
22522,0
6968,0
22422,0
111,0
4561,0
16201,0
16919,0
6036,0
20290,1
1811,0
20061,0
17051,0
12754,0
807,0
10711,0
10405,1
6218,0
14527,0
774,0
2890,0
2150,0
10573,1
19753,0
633,0
6764,0
21403,0
3546,0
17936,0
620,0
21986,0
5899,0
22238,0
2430,0
439,0
19969,0
17486,0
17697,0
10425,0
20866,0
770,1
21563,0
21083,0
10680,0
21192,0
5882,0
6281,0
22145,0
10209,0
16251,0
17735,0
12687,0
18746,1
5179,0
3641,0
3035,0
3469,0
12169,0
7763,0
3019,0
21438,0
9301,0
13846,0
17995,0
16178,0
6095,0
15386,0
7071,1
7685,0
9807,1
17543,1
2083,0
5708,0
18942,0
14561,1
14139,0
6252,0
6735,0
8816,0
16313,1
14114,0
5702,0
8882,0
15735,0
1062,0
5197,0
8714,0
20701,0
8434,0
1494,0
15506,0
3609,0
12917,1
21607,0
485,0
14423,0
9710,0
16986,0
1663,0
5798,0
18037,0
8172,0
58,0
18544,0
4899,0
5460,0
6190,0
15682,0
6599,0
15152,0
13555,0
2576,1
1219,0
12703,0
2146,0
21705,0
136,0
21202,0
7355,0
14529,0
2093,0
11491,0
10707,0
7415,0
3816,0
3016,0
5618,0
20919,0
1322,0
10299,1
21822,0
4767,0
18633,1
3330,0
5669,0
17664,1
9442,0
226,0
4355,0
15636,0
573,0
9684,0
2747,0
21774,0
20982,0
19480,0
9012,0
8723,0
15653,0
8033,0
13542,0
2371,0
16789,0
4710,0
3123,0
5725,0
497,0
22361,0
4821,0
21180,0
9172,0
17222,0
8318,0
3453,0
1727,1
2237,0
14173,0
4648,0
18976,0
22045,0
21770,0
3758,0
21395,0
5453,0
1565,1
4967,0
8651,0
20324,0
11805,0
8358,0
15663,0
501,0
8771,0
2180,0
16274,0
21421,0
524,0
3736,1
17866,0
2027,0
10029,0
21758,0
9287,0
15097,0
8957,0
7225,0
9730,0
14357,0
16943,0
10290,0
6292,0
4349,0
17254,0
16905,1
6159,0
13702,1
6003,0
21550,1
10479,0
13309,1
18072,0
5587,0
6742,0
21998,0
5604,0
15573,0
22302,0
11429,0
4251,0
15275,0
11660,0
19950,0
12923,1
15316,0
17442,0
17873,1
2137,0
16522,0
16675,0
1646,0
10064,0
15680,0
5171,0
19094,0
14081,0
6291,0
14813,0
6723,1
12909,0
21298,0
17181,0
5397,0
2579,0
7451,0
18483,0
9819,0
3066,0
17593,0
16239,0
1318,0
21719,0
3304,0
20529,0
15592,0
20606,0
4836,0
4242,0
3136,0
5688,1
14563,0
6561,0
5455,0
15766,0
2998,0
9031,0
1728,0
16330,0
10813,0
4040,0
15974,0
12386,0
15414,0
5412,0
17993,0
12040,1
10598,0
9293,0
3104,0
4298,0
1490,1
18634,0
2892,0
20826,0
19577,0
15662,1
15745,0
6533,0
12919,0
12395,1
13472,0
12764,0
7474,1
4488,0
18398,0
14989,0
543,0
21978,0
18332,0
16956,0
11257,0
17225,0
1462,0
396,0
18542,0
14254,0
18830,0
128,0
21833,0
17060,0
18650,0
665,0
19881,0
364,0
7556,0
15410,0
20337,1
9982,1
14222,0
8481,0
5347,1
8150,0
14465,0
3440,0
7895,0
12960,1
12447,0
16512,0
10329,0
12987,0
17669,0
22039,0
11074,0
15459,0
10432,0
12160,0
20797,0
6468,0
11943,1
13246,0
17402,0
4822,0
14174,0
4906,0
16024,0
12608,1
18438,0
5818,0
4122,1
15201,0
8585,0
20977,0
854,0
14397,0
4043,0
20945,0
17423,0
819,0
9023,0
3296,0
1195,0
15884,0
8996,0
17100,0
21785,1
17499,0
17221,0
4743,0
13484,0
11031,0
16678,0
5464,0
16142,0
21320,1
8153,0
4721,0
3975,0
8460,0
15026,0
241,0
13845,1
535,0
18992,0
10021,0
11583,0
20804,0
15925,0
16848,0
5442,0
12487,0
13859,1
6741,0
8039,0
22072,0
4196,0
15784,0
20475,0
21276,0
4347,0
9936,0
11178,0
367,0
22380,0
10959,0
14988,0
20894,0
6443,0
8041,0
8721,1
11764,0
3649,0
16612,0
4958,0
12872,1
6634,0
760,0
13456,0
21044,0
13586,0
6121,0
7030,1
7927,0
4243,0
1155,0
8048,0
8106,0
11049,0
22023,0
10644,0
20062,0
12922,1
5031,0
1724,0
2348,0
248,0
2617,0
22109,0
19121,0
4501,0
5087,0
764,0
9191,0
10396,0
9413,0
15723,0
3094,0
16137,0
14271,0
19477,0
10992,0
10695,0
18278,0
19616,0
19574,0
17154,0
5296,0
17948,0
6802,0
19324,0
192,0
6941,0
20781,0
17577,0
5177,0
169,0
11093,0
19700,0
15032,0
14319,0
5699,0
19517,0
9257,0
5891,0
20628,0
3328,0
16674,0
10505,0
4041,0
12660,0
2381,0
9754,0
6386,0
22224,0
8120,0
12029,0
11140,0
8577,0
18731,0
1655,0
18060,0
16228,0
7189,0
18206,1
5885,0
9943,0
10558,0
18370,0
7941,0
6167,0
10305,0
9203,0
10113,0
8003,0
17397,0
17375,0
15627,0
16802,0
9298,0
20509,0
5251,0
22228,0
4332,0
15186,0
1619,0
14216,0
13620,0
13038,0
15116,0
1339,0
4444,0
16969,0
12156,0
2568,0
12926,1
7193,0
21779,0
16732,0
6035,0
18510,0
17608,0
21015,0
19082,0
8078,0
1846,0
13927,0
2819,0
12061,0
15492,0
12144,0
12026,0
22323,0
17398,0
22392,0
7518,0
13954,0
1220,0
5829,1
14292,0
19834,0
11041,0
9675,0
9543,0
12333,1
9342,0
12767,1
15430,0
11067,0
1448,0
8308,0
20189,0
16677,0
2033,0
21348,0
3685,0
12885,0
11128,0
10564,0
12315,0
4876,0
21355,0
19131,0
21696,0
14720,0
117,0
4585,0
18071,0
7513,0
2005,0
6937,0
6082,0
5035,0
4297,0
20009,0
3049,0
2258,0
9401,1
7537,0
21215,0
15395,0
9103,0
15946,0
15960,0
5840,0
21358,0
3382,0
16794,0
18638,0
7290,0
15943,0
2055,0
1955,0
9465,0
18161,0
12391,0
2270,0
5017,0
8020,0
10390,0
16978,0
17207,0
21154,0
10148,0
16071,0
4110,0
3623,0
4416,0
19135,0
10900,0
14080,0
10740,0
19702,0
3990,0
3109,0
9974,0
551,0
9188,1
4343,0
7566,0
1877,0
18333,0
273,0
15167,0
10778,0
6801,0
351,0
4135,0
7386,0
15286,0
3639,0
19455,0
10311,0
9602,0
2789,0
11350,0
19970,0
18660,0
11081,0
21960,0
7429,0
2573,0
9726,1
17474,0
14093,0
3826,0
12743,0
8522,0
12726,0
17839,1
21595,1
19261,0
2598,0
1771,1
4320,0
20087,0
6520,0
10443,0
11536,0
7634,0
146,0
18091,1
15162,0
9174,0
5221,0
8712,0
4692,0
3323,0
15310,0
22197,0
10324,0
14261,0
1314,0
12953,0
304,0
9190,0
12070,0
8340,0
7136,0
5763,0
13184,0
18712,0
21193,0
6278,0
12905,0
8408,1
20904,0
7993,0
17902,0
6319,0
17368,0
9831,0
12536,0
4036,0
17166,0
19569,1
3298,0
19792,0
20079,1
16780,1
19207,0
18587,0
12162,0
1421,0
2649,0
2271,0
12306,0
10949,1
3965,0
9212,0
2620,0
16538,0
17021,0
7260,0
13467,0
18520,0
5308,0
15625,0
16408,0
13130,0
13854,0
13497,0
9577,0
19931,0
15273,0
13075,0
17352,0
18624,0
5261,0
13750,0
21809,0
11122,0
20835,0
10834,0
13488,0
11100,0
8664,0
12183,0
22187,0
10155,0
8092,0
15040,0
17657,0
4861,1
8538,0
4253,0
728,0
3645,0
1504,0
4761,0
2036,0
14252,0
3484,0
2300,0
3672,0
7942,0
21490,0
20730,0
20007,0
13172,0
17510,0
12263,0
15199,0
12589,0
18104,0
4706,0
15209,0
12531,0
5630,0
19983,0
16171,1
8613,0
12077,0
10946,0
19535,0
11428,0
8215,0
10310,0
4461,0
16840,0
16921,1
22556,0
14270,0
3367,0
6922,0
7385,0
22087,0
950,0
21033,0
19680,0
6906,0
6661,0
18938,0
22096,0
13258,0
6728,0
15137,0
14394,0
16458,0
10514,0
20015,0
9406,0
2919,0
6251,0
8986,0
6769,1
9277,0
8667,0
7665,1
981,0
8833,0
6128,0
22078,0
7996,0
17827,0
17783,0
12788,0
529,0
9274,0
22499,0
17796,0
20914,0
9952,0
6989,0
16625,0
644,0
19229,0
7341,0
15421,0
20965,0
20704,0
12434,0
5284,0
6243,0
3242,0
21985,0
16967,0
18410,0
17810,0
12473,0
10702,0
7986,1
13382,0
20338,0
3997,0
15420,0
6536,0
7620,0
140,0
22507,0
11689,0
1386,0
4723,1
18889,0
8790,0
6422,0
13559,1
17739,1
14115,0
7492,1
7831,0
6314,0
19703,0
1203,0
4271,0
18827,0
17726,1
2514,0
12280,0
3999,0
18899,0
17672,0
3208,0
9521,0
1816,0
14457,0
10308,0
12526,0
20246,0
6219,0
5652,0
10296,0
18033,0
581,0
11667,0
11199,0
9918,0
20372,0
11030,0
8822,0
4733,0
236,0
16826,0
20126,0
14061,0
8625,0
11592,0
19784,0
19979,0
15614,0
998,0
11250,0
18156,0
5803,0
1832,0
10786,0
21858,0
5068,0
2266,0
14152,0
2870,1
18328,0
9812,0
9649,0
9127,0
5726,0
22378,0
6273,0
4176,0
10719,0
15751,0
20955,0
1028,0
4841,0
11638,0
19346,0
5736,0
5771,0
9937,0
4255,0
9996,0
676,0
6843,0
8673,1
456,0
12517,0
8250,0
21135,0
6301,0
1510,0
919,0
13656,0
17884,0
19430,0
20946,0
8399,0
6809,0
193,0
859,0
6667,0
9402,0
4526,0
2966,0
12197,0
16492,0
20098,1
6552,0
7313,0
16286,0
3654,0
22159,0
3059,1
22059,0
105,0
19752,0
6459,0
13551,0
19539,0
15514,1
4342,0
21650,0
11743,0
970,0
576,0
9740,0
5192,0
11506,1
11249,0
5830,1
8409,0
20082,0
19521,0
18482,0
12989,1
13712,0
15799,0
21579,0
9104,0
17811,0
7626,0
16266,0
15521,0
21857,0
4495,0
8133,0
18777,0
11650,0
8348,0
5145,0
16816,0
19516,0
8338,0
9184,0
19328,0
18424,0
3368,0
5607,0
16229,1
18075,0
4287,0
13450,0
15952,0
4030,1
1185,0
15556,0
10484,0
13005,0
15324,0
13331,0
17319,0
16169,0
2382,0
19657,0
7660,0
18968,1
2924,0
2608,0
14403,0
9758,0
5047,0
12320,0
12410,0
14613,0
8829,0
21134,0
18216,0
3699,0
564,0
6404,0
8137,0
19339,0
17920,0
19403,0
20801,0
5472,1
13283,0
4924,0
18500,0
19605,0
5927,0
14340,0
5211,0
1920,0
14633,0
13654,1
11827,0
16585,0
17139,0
6587,0
10485,0
8275,1
10032,0
9514,0
14691,0
12859,0
8139,0
15200,0
8310,0
2992,0
6606,0
5219,0
5513,0
21468,0
16438,0
13621,0
4364,0
20052,0
17288,0
7117,0
21828,0
2623,0
6359,0
19152,0
10891,0
18928,0
15586,0
1163,0
19778,0
10417,0
2433,0
2848,0
2403,0
13457,0
9204,0
17445,0
18785,0
21616,0
20450,0
20076,0
15875,0
11186,0
12283,0
5362,0
16316,0
11927,0
4301,1
20452,0
6195,0
6017,0
10882,0
2076,0
12690,0
588,0
15113,0
22141,0
14600,0
13795,0
3644,0
22180,0
4160,0
19255,0
19372,0
4613,0
21312,0
2844,0
13339,0
13458,0
12453,0
4631,0
12618,0
7013,1
12995,0
16903,0
15463,0
4766,0
3749,0
2922,0
19356,0
7202,0
22154,0
1854,1
20256,0
2091,0
20305,0
19069,0
10403,0
14602,0
21896,0
4252,0
22002,0
9629,1
15906,0
1913,0
12254,0
6330,0
18437,0
18354,0
19365,0
16584,0
18643,1
7558,0
4369,0
18168,0
20347,0
10596,0
18800,0
10985,0
5229,1
8418,0
13930,0
4200,0
8977,1
8883,0
5515,0
157,0
18760,0
286,0
20896,0
17643,0
15208,0
15796,0
12240,1
14627,0
7646,0
2626,0
349,0
16038,0
19651,0
14210,0
1231,0
16940,0
11865,0
5928,0
2991,0
2856,0
17987,0
12843,0
19059,0
6052,0
6537,0
9667,0
1752,1
9457,0
735,0
1323,0
10000,1
13655,0
8355,0
6797,1
12673,1
10056,0
16022,0
11690,0
18321,0
20257,1
12625,0
3594,0
21925,0
16729,0
3554,1
9595,0
21854,0
8998,0
15495,0
21861,0
22369,0
9431,0
2119,0
7254,0
12519,0
19872,0
7488,0
18077,0
12365,0
15785,0
8497,0
21531,0
20377,0
6936,0
3181,0
21575,0
5098,0
5459,0
20143,0
4992,0
3777,0
20734,0
6616,0
4804,0
1618,0
1637,0
17068,0
318,0
11148,0
19711,0
3671,0
10490,0
223,0
15768,0
12493,0
6081,0
276,0
4982,0
6486,0
20252,0
15379,0
13596,0
15780,0
5675,0
12616,0
7347,0
22012,0
15460,0
9718,0
2066,0
14774,0
15973,0
15260,0
11278,0
1476,0
21623,0
3970,0
14642,0
3089,1
17321,0
17052,0
21139,0
14999,0
10562,0
8750,0
7856,0
8332,0
1177,0
22206,0
9053,0
18491,0
4645,1
2976,0
18006,0
14872,1
3960,0
6808,0
14416,0
18233,0
10824,0
5424,0
8262,0
5495,0
13345,0
20228,0
12435,0
22463,0
12681,0
19929,1
22279,0
18293,0
12942,0
12738,0
13861,0
9756,0
16287,0
4326,0
9077,0
6929,0
8369,0
18675,0
19679,0
10216,0
4208,0
715,0
1373,0
6466,0
10020,0
4791,0
16300,0
13561,0
9552,0
12856,0
6857,0
16890,0
4591,0
14183,0
6179,0
20799,0
14223,0
1522,0
9245,0
6042,0
13787,0
5553,0
13213,0
13683,0
631,0
7758,0
12612,0
14581,0
19487,0
9575,0
22167,0
7383,0
12448,0
17289,0
18452,1
14484,0
6405,0
2644,0
12349,0
5965,0
3772,0
19491,0
10003,0
1496,0
10922,0
6099,0
20284,0
9742,0
18271,0
6069,0
7638,0
5753,0
14014,0
2285,0
348,0
3074,1
9002,0
3521,0
16078,0
3751,1
4484,0
2411,0
72,0
14284,0
15741,0
2553,0
9770,0
15942,0
9387,1
10122,0
13667,0
2235,0
1616,0
1852,0
13922,0
4828,0
13588,0
3655,1
16568,0
6637,0
8694,0
15321,0
5445,0
1553,0
10070,0
17535,1
5804,1
1109,0
9648,0
3401,0
20328,0
20833,0
3386,1
6984,1
21888,0
16417,0
20949,0
11817,0
12274,0
10920,0
2233,0
22116,0
18576,0
19490,1
20839,0
21307,0
16291,1
4469,0
20163,0
8327,0
8672,1
2078,0
13025,0
11840,0
8534,0
17943,0
1114,0
13645,1
5122,0
7630,0
2683,0
19732,0
4164,0
19083,0
9234,0
15666,0
20871,0
8974,0
9638,0
5138,0
6241,0
10584,1
17765,0
11697,0
1987,0
22123,0
7636,0
9927,0
18521,0
19590,0
15417,0
10844,0
18662,1
22239,0
21620,1
2439,0
7559,0
17613,0
12542,0
7775,0
20166,1
10578,0
13707,1
19796,0
1730,0
7960,0
4284,0
2572,0
6363,0
6506,0
7408,0
3525,0
13373,0
16685,0
22117,0
1182,0
10248,0
9865,0
12765,0
17716,0
19853,0
7536,0
1679,0
4293,0
2801,0
18538,0
3735,0
2905,0
6870,1
6311,0
19602,0
16545,0
13115,0
9528,1
4435,0
12368,0
1324,0
4479,0
20219,1
2280,0
14177,0
6607,0
18385,0
13605,0
8835,0
14898,0
5269,1
21433,0
5246,0
1535,0
21451,0
9963,0
10277,0
4295,0
12352,0
11551,0
8472,0
17825,0
21182,0
8135,0
830,0
22061,0
19275,1
15901,0
3216,0
16769,0
20969,0
9303,0
4511,0
6795,0
6250,0
14412,0
19043,0
808,0
5486,0
12732,0
9394,0
5949,0
16502,0
3078,0
22442,0
3204,0
9069,1
20037,0
3105,1
17231,0
16368,0
5639,0
17347,0
21080,0
10368,0
7684,0
21074,0
2698,0
11101,0
1070,0
15957,0
7026,1
4869,0
5973,0
10369,0
8295,0
15665,1
2667,0
11354,1
20780,0
5574,0
6460,0
17323,0
2738,0
20739,1
5313,0
15358,0
19190,0
1629,0
7496,0
12796,0
1627,0
20223,0
6781,0
9168,0
5543,1
10926,0
285,0
19614,0
9396,1
20610,0
5321,1
13313,0
20446,0
12976,0
22200,0
22548,0
20778,0
8661,0
5985,1
20139,1
7337,0
6691,0
17969,0
8509,0
14718,0
22212,1
14700,0
11422,0
18455,1
15552,0
16220,1
18046,0
20327,0
16466,0
12400,0
4674,0
18148,0
18528,0
13701,0
7823,0
11541,0
8718,0
17782,0
15299,0
21929,0
5454,0
6409,0
10905,0
426,0
20858,0
7745,0
19474,1
1612,0
2316,0
12456,0
17350,0
4567,1
15219,0
12431,1
19076,0
7058,0
18367,0
11152,0
5533,0
2028,0
18541,0
19627,0
9098,0
19824,1
13522,0
10709,0
7964,0
8036,0
10962,0
17495,0
5871,0
14792,0
16559,0
14831,0
15390,0
13869,0
4808,0
7825,0
9500,0
8114,0
2959,0
2887,0
10568,0
6232,1
3220,0
20032,0
11043,0
10770,0
13516,0
16044,0
12672,0
18719,0
15079,0
18345,0
1962,0
19611,0
758,0
20887,0
14616,0
19897,0
7387,0
9614,0
110,0
18025,0
13613,0
12882,0
17919,0
1596,0
5951,0
14341,0
3868,0
7022,0
14875,0
6824,1
4012,0
6743,0
7207,0
17293,0
6944,0
10426,0
16475,0
9678,0
6086,0
14597,0
11133,0
19804,0
5379,0
5056,0
16470,0
8364,0
6240,0
11952,0
6348,0
3476,0
4383,0
6751,0
725,0
3740,0
21618,0
21363,0
12640,0
10848,0
3620,0
9425,0
14523,0
218,0
18769,0
17498,0
11683,1
12054,0
16110,0
4502,0
15834,1
2288,0
13090,0
18422,0
888,0
18672,0
319,0
19780,0
15773,0
1262,1
16519,1
10295,0
21962,0
22001,0
3802,0
6849,0
6765,0
902,0
11204,0
7318,0
2461,0
19623,1
18209,0
20029,1
258,0
14765,0
18671,0
21165,0
17331,1
19337,0
17667,0
12581,0
14661,0
13858,0
11306,0
5816,0
791,0
20544,0
2550,0
1912,0
5988,0
11320,0
12802,0
14865,0
12278,0
21230,0
12962,0
17863,0
18545,0
22278,0
14962,0
22298,0
12196,0
15475,0
10809,0
7773,0
12356,0
1532,0
16547,0
15343,0
3555,0
44,0
21076,0
22354,0
22065,0
4905,1
5716,0
4,0
10885,0
21905,0
6791,0
7738,0
19973,0
17883,0
2446,0
6286,0
20542,0
9423,0
19112,0
20285,1
20383,0
22410,0
20722,1
20742,0
2726,0
4123,1
10793,0
9347,0
2633,0
15566,0
7345,0
11714,0
10553,1
17872,0
16127,0
8090,0
1640,0
1864,0
2772,0
20110,0
17626,0
1547,0
16278,0
18806,0
17249,0
6982,0
17714,0
16821,0
13442,0
10287,0
7208,0
3896,0
18655,0
10652,0
4923,0
16034,1
5661,0
11569,0
2141,0
3054,0
21834,0
17096,0
20967,0
13744,0
17924,0
22388,1
1376,0
5783,0
16959,0
10123,0
15065,0
13895,0
18126,0
7020,0
21556,0
6475,0
1734,0
18771,0
2765,0
5791,0
12495,1
14458,0
11217,0
10352,0
15338,0
17192,1
2471,0
9971,0
3613,0
8523,0
14836,0
8378,0
5883,0
16945,0
14558,0
8157,0
20506,0
11323,0
16557,0
8086,0
7931,0
1074,0
14575,1
16340,0
17867,0
16130,0
22345,0
4358,0
9407,0
13812,0
17471,0
122,0
3653,0
2465,0
7901,0
14049,1
18811,0
21972,0
7312,0
13653,0
11202,0
18159,1
1716,0
279,0
3766,0
10292,0
25,0
3992,0
10733,0
12301,0
12002,0
296,1
1588,0
22446,0
9176,0
107,0
17342,0
9414,0
22019,0
17605,1
4365,0
10025,0
10078,0
21343,1
363,1
1412,0
6362,0
16970,0
46,0
20761,0
17947,0
4559,0
10937,1
964,0
18663,0
3628,0
16101,0
17049,0
1174,0
2002,0
14314,0
17916,0
21048,0
21458,0
14267,0
22311,0
9251,0
22553,0
22438,0
13221,1
18002,0
9804,0
13838,0
5690,0
21987,0
4059,0
6489,0
885,0
5532,0
7924,0
9904,0
17005,1
12910,0
3250,1
20665,0
2679,0
5203,0
9856,0
4490,1
18454,0
16272,0
16011,0
9749,0
21562,0
70,0
8493,0
4974,0
1439,0
3662,0
22480,0
17475,0
3134,0
19708,0
14124,0
9931,0
721,0
15458,0
21997,0
16653,0
14335,0
13361,0
12959,0
16494,0
5306,0
18139,1
5289,1
16933,0
21362,0
13231,0
10437,0
6375,1
6393,0
16902,0
11516,0
16582,0
14405,0
18625,1
10207,1
14508,0
5015,0
14583,0
5008,0
3086,0
10712,0
6090,0
16594,0
10012,0
3567,1
4289,0
21875,0
12522,0
13463,1
9689,0
288,0
14709,0
10373,0
175,0
8471,0
895,0
11439,0
6005,0
17064,0
18246,0
21800,0
13405,0
21300,0
16714,0
14717,0
12345,0
4348,0
11462,0
15347,0
17365,1
8231,0
1417,0
10370,0
726,0
20957,0
19293,0
8982,0
2182,0
20086,0
2759,0
20782,0
19209,0
663,0
13199,0
11192,0
11920,0
1945,0
18200,0
18999,0
472,0
11589,0
10399,0
4023,0
5748,0
8837,0
3705,0
4624,0
14016,0
1828,0
14593,0
21367,1
12733,0
20084,0
8891,0
12895,0
18040,0
13245,0
17871,0
6543,0
19713,0
9052,0
10388,1
20393,1
9953,0
8317,0
5666,0
17958,0
2437,0
5908,1
295,0
5737,0
19600,1
16433,0
10336,0
10300,0
6093,0
19238,0
13459,0
5283,0
1784,0
16281,0
8205,0
12342,0
13445,0
10866,0
7609,0
15307,1
7181,1
4331,0
18698,0
21726,0
20948,0
11652,0
5200,1
7855,0
164,0
19624,0
7912,0
9247,0
10758,0
10219,0
1593,0
8373,0
16304,0
13825,0
12037,1
4873,0
14052,0
17201,0
11782,0
403,0
4111,0
17107,0
12366,0
4219,0
18836,0
10892,0
14626,0
1633,0
14190,0
12444,0
13952,1
1193,0
4986,0
9977,0
7517,1
9179,0
5074,0
17838,0
17528,1
15661,0
9883,0
13007,0
4500,1
4957,0
8483,0
19707,0
6883,0
8853,0
959,0
7029,0
18840,0
4460,1
8480,1
17315,0
21483,0
16613,0
17123,0
9779,0
16074,0
10033,0
1202,0
14595,0
1936,1
20560,0
10469,0
16007,0
4550,0
19466,0
12111,0
12286,0
6821,0
18739,0
2384,0
8425,1
6811,0
4991,0
7282,0
5042,0
20203,0
8931,1
6299,0
21305,0
18951,0
17062,0
12194,0
22429,0
5178,0
17522,0
2322,0
20634,0
18253,0
15187,0
1991,0
4373,0
22469,0
22130,0
16872,0
6995,0
22454,0
415,0
834,0
498,0
8720,0
16354,0
9448,0
3763,0
18015,0
4338,0
1998,0
8145,0
7994,0
4436,0
7706,0
9273,0
6335,0
7716,0
22525,0
12269,0
19108,0
9586,1
19013,0
13524,0
12492,0
8022,1
2111,1
10569,0
9502,0
14486,0
15509,0
11854,0
21656,0
7034,0
18855,0
4946,0
1133,0
10857,0
20443,1
20920,0
4398,0
2901,1
21525,0
14708,0
9976,0
21261,0
5826,0
7042,0
12889,0
14937,0
16068,0
14728,0
12719,0
5729,0
8637,1
6146,0
327,0
7039,0
21949,0
1146,0
17234,0
4094,0
19404,0
15770,0
21411,0
3872,0
17566,1
12538,0
688,0
3723,0
13077,0
14750,0
43,0
12019,0
17002,0
22248,0
6702,0
2548,0
10660,0
3560,0
3701,0
15867,0
19740,0
5888,0
10593,0
16402,0
8253,0
16103,0
3821,0
4895,0
21675,1
7851,0
2865,1
20599,0
7398,0
17311,0
16901,0
10,0
16996,0
14393,0
5062,0
9496,0
22513,0
13697,0
15600,0
22192,0
8270,0
2183,0
16320,0
4315,0
21195,1
19806,0
20200,0
4244,1
15992,0
17405,0
16951,0
4214,0
3678,0
13842,0
2518,0
9672,0
11751,0
15811,0
14293,0
18585,1
18857,1
13809,0
20674,0
6021,0
8303,0
21557,0
3738,0
11296,0
15351,0
4610,0
453,0
15341,0
15895,0
8284,0
21938,0
3108,1
12818,0
16188,0
14998,0
16049,0
7581,0
21708,0
12127,0
4360,0
17879,0
13272,0
2614,0
21795,0
3998,0
13414,0
14729,0
17170,0
9683,1
353,0
10742,0
21798,0
3512,0
15202,0
2022,0
6845,0
8211,1
11484,0
8707,0
12921,0
4223,0
7978,0
12939,0
10463,0
10659,0
7865,0
2334,0
9001,0
5370,0
3883,0
9935,0
14936,0
6566,0
16268,0
18262,0
7534,0
15710,0
7677,0
19393,0
5326,0
10762,0
9725,0
11050,0
371,0
9621,1
9658,1
18907,0
5489,0
3614,0
16965,0
9835,0
12596,0
15114,0
12016,0
15560,0
12021,0
14707,0
15543,0
10820,0
11013,0
17830,0
2651,1
21284,0
20856,0
19171,0
18977,0
2628,0
7508,0
5488,1
22294,0
11858,0
18696,0
21964,1
17041,0
16517,0
13681,0
16045,0
8446,1
12971,0
9305,0
15876,0
8403,0
8488,0
13749,0
4527,0
19172,0
6174,0
19675,0
7814,0
9832,0
17527,0
14714,0
2450,0
7089,0
2855,0
10392,1
13929,0
18449,0
15857,0
8365,0
18788,0
20594,0
4921,0
8640,0
7229,0
16225,0
9476,0
12951,0
8018,0
7275,0
19550,0
15822,1
22052,0
5437,1
772,0
8426,0
17307,0
1166,0
3804,1
2390,0
7493,0
10276,0
6876,0
16987,0
7078,0
1554,0
5557,0
3253,0
6685,0
406,1
1064,0
8552,0
12164,0
15628,0
17671,0
17278,0
11977,0
6785,0
15441,0
9068,0
7411,0
13150,0
3781,0
3719,0
15364,1
19105,0
19661,0
12970,0
14739,0
11347,0
11806,0
1268,0
18841,0
18657,0
17338,0
11188,0
11798,0
14621,0
2056,0
18914,0
4350,0
17638,0
12590,0
18304,0
5230,0
6437,0
13161,0
20361,0
10741,1
3349,0
14881,0
10048,0
14566,0
19299,0
1934,0
12181,0
9909,0
9261,0
22452,0
17506,0
6511,1
17699,0
20865,0
1586,0
17736,0
3957,0
4450,0
7417,0
16573,0
5106,0
11219,0
11767,1
1370,0
12480,0
15824,0
10870,0
18758,0
3497,0
380,0
21506,1
719,1
14497,0
18481,0
15445,0
1855,0
7662,0
9711,0
12241,0
10571,1
14712,0
9038,0
224,0
9809,0
12461,0
18279,0
1011,0
18417,0
18051,0
6825,0
9220,0
2782,0
17933,0
9268,1
11716,0
19099,0
12918,0
22199,0
2357,0
3744,0
10125,0
8737,0
12319,0
5157,0
19765,0
20836,0
3549,0
967,0
14166,0
16491,1
8596,0
9434,1
4877,1
3706,0
19801,0
18390,0
10202,0
2635,0
8370,0
3915,0
6196,0
19648,0
9584,0
3191,0
19061,0
2345,0
222,0
8160,0
18306,0
1147,0
2690,1
8827,0
747,0
17805,0
11216,0
19935,0
6945,0
14196,0
22131,0
10282,0
11934,0
8324,0
2773,1
13273,0
7717,0
9025,0
2925,0
11193,0
13528,0
2354,0
9369,0
2556,0
13247,0
14327,0
6216,1
21226,0
12450,0
18062,0
6905,0
1774,0
14719,0
619,0
3450,0
14085,0
4045,0
4390,0
14432,1
2596,0
4825,0
10691,0
978,0
1793,0
3588,1
20624,0
15674,0
1390,0
21435,0
7137,0
8158,1
9950,0
22314,0
14025,0
20555,0
13233,0
4962,0
16231,0
2868,0
188,0
16031,0
22196,0
8793,0
737,0
3918,0
4007,0
21522,0
6600,0
21183,0
7074,0
18093,0
4052,0
15650,0
21408,0
18223,0
19274,1
10046,0
14580,1
4736,0
13302,0
9352,0
14909,1
18525,0
16096,0
13277,0
13666,0
17138,0
8394,0
17,0
8555,0
4641,0
1458,1
3571,0
11038,0
4155,0
13871,0
8486,0
5969,0
16912,0
14228,0
13843,0
5550,0
8594,0
20236,0
17396,1
18929,0
15261,0
8860,0
18681,1
9157,0
18600,0
10470,1
5575,0
19942,0
21741,0
7278,0
9260,0
13326,0
6117,0
8828,0
5204,0
6141,0
17826,0
13346,0
22081,0
6612,0
3849,0
11304,0
436,1
2878,0
7788,1
10117,0
3828,0
16775,0
12096,0
6903,0
8919,0
17895,1
20131,0
20094,0
8961,0
12842,0
5730,0
12518,0
16662,1
9099,0
10641,1
21559,0
8222,0
17113,1
20230,0
17725,0
8690,0
9295,0
21200,0
4707,0
14970,0
11271,0
7714,0
13206,0
3119,0
12646,0
3384,0
8152,0
12619,0
1689,0
9701,0
4715,0
17228,0
17641,0
4182,0
3694,0
6730,0
22439,1
4407,0
683,0
18003,0
5335,0
11495,0
19353,0
8511,0
4700,1
8626,0
9006,0
6083,0
10022,0
12236,0
1236,1
3864,0
14461,0
19642,0
7817,0
14730,0
15783,0
10686,1
17686,0
3745,1
7784,0
1164,0
2238,0
18792,0
14010,1
8814,0
858,0
13779,0
14098,0
13849,0
15788,0
19247,0
3539,0
19972,0
9426,0
19947,0
21850,0
14334,0
16822,0
14366,0
22237,0
18979,0
18270,0
9820,0
13580,0
21311,0
833,1
6994,0
12279,0
19486,0
14955,0
1069,0
12195,0
152,0
16017,0
7397,0
19155,0
12864,0
21463,0
16099,0
7778,0
18007,0
12740,0
22344,0
8209,0
6186,0
20533,0
8132,0
10151,0
938,0
9154,0
10609,0
17081,0
18740,0
6390,0
1100,0
10977,0
18068,1
1866,0
8869,0
12908,1
7800,0
5175,0
3320,0
6321,0
20395,0
478,0
11777,0
22124,1
12347,0
16052,0
4197,0
2912,0
2474,0
13116,0
12266,0
5467,0
11785,0
14514,0
632,0
22220,0
19936,0
14102,0
22541,1
6955,0
10135,0
8810,0
10246,0
8918,1
22385,0
18702,0
3118,0
13403,0
1290,0
18039,0
7001,0
13176,0
12055,0
1080,0
1898,0
2616,0
7053,0
3001,0
12826,0
19626,0
3859,0
7315,0
22074,0
21864,0
1704,0
21793,1
13085,1
11677,0
18678,0
7795,0
4047,0
2318,0
10171,0
20615,0
11990,0
21153,0
3508,0
12701,0
1584,0
9415,0
7580,0
13269,0
9171,0
4547,0
3808,1
11288,0
21523,0
20473,0
9975,0
10093,0
1548,0
10699,0
19361,0
18227,0
19098,0
2332,0
10551,0
17037,0
15800,0
22391,0
5879,0
7772,0
8808,0
15693,0
18647,0
1890,1
15291,0
10887,0
10595,0
18911,0
6928,0
11562,0
17306,1
11800,1
8032,0
3047,0
750,0
21971,0
1039,0
13202,0
18930,0
15580,0
18778,0
16859,0
13131,0
652,0
14749,0
19470,0
11891,0
14203,0
9064,0
15377,0
19280,0
11005,0
21615,0
11898,0
4229,0
20770,0
5673,0
11550,0
1440,0
2539,0
642,0
4994,1
12459,0
14740,0
18087,0
17723,0
86,1
13880,0
11365,0
20649,0
10550,0
19413,0
9132,0
21947,0
1479,1
18095,0
18574,0
19214,0
8469,0
13625,0
6609,0
15402,0
14503,1
2124,0
20265,0
10597,0
14446,0
9040,0
13632,0
2571,0
18761,0
12943,0
13564,0
13330,0
17340,0
6296,0
10939,1
15803,0
16308,0
10410,0
7481,0
13982,1
21012,0
21035,0
9462,0
22151,0
22252,0
9991,0
16309,0
20805,0
9691,0
4489,0
15182,0
7589,0
1881,0
5953,0
18742,0
2797,0
13356,0
15111,0
9489,0
8852,0
21334,0
10839,0
8644,0
20227,0
5567,0
9851,0
6282,0
10319,0
22150,0
17046,0
16150,0
10527,0
20150,0
16474,0
18070,0
969,0
12258,0
5331,0
8245,0
8560,0
5110,0
18834,0
1880,1
11507,0
6832,0
11769,1
4582,0
5581,0
18952,0
19527,0
22284,0
8212,0
13694,0
5058,0
4473,0
8027,0
21294,0
18319,0
22382,0
6022,0
20183,0
14824,0
5135,0
14330,0
9705,0
915,0
6125,0
7905,0
5156,0
16307,0
11986,0
17382,0
674,0
15991,0
3400,0
12249,0
21273,0
6410,0
4112,0
99,0
9593,0
17383,1
9933,0
12876,0
697,0
11974,0
22372,0
17525,0
4654,0
2888,0
10418,0
4118,0
6894,0
13308,0
16419,0
18543,0
12330,0
10049,0
15314,1
5097,0
10576,0
19331,0
7284,0
20375,0
13507,0
18808,0
17548,0
20114,0
10838,0
11513,0
517,0
1956,0
3370,0
19088,0
9477,0
12355,0
21639,0
9419,0
11190,0
13695,0
2241,0
10244,1
20170,0
11130,0
2128,1
21335,0
12668,0
16398,0
20760,0
8658,1
875,1
344,0
1091,0
5866,1
17284,0
12273,0
6835,0
4325,0
2161,1
1327,0
20643,0
141,0
4664,0
13844,0
20235,0
14208,0
22474,0
17757,0
15244,0
927,0
22404,0
22341,0
1894,0
22003,1
1715,1
20379,1
12680,0
6002,0
4824,0
12933,0
1004,0
22533,0
15183,0
1377,0
5847,0
118,0
17003,0
11853,0
15380,1
421,0
17371,0
7068,0
19918,0
10938,0
11676,0
19563,0
7230,0
11445,0
9492,0
14644,0
12062,0
8817,0
2566,1
16929,1
250,0
17580,0
10751,0
5531,0
242,0
16684,0
1326,0
21126,1
451,0
20456,0
5036,0
2130,0
9258,1
6682,1
21577,0
22332,0
11135,0
6880,0
21644,0
10060,0
13087,0
3229,0
1984,0
1820,0
13238,0
11373,1
19034,0
14546,0
5600,0
5281,0
13908,0
13850,0
9,0
522,0
16953,0
12784,0
19008,1
13579,1
10978,0
13801,0
22280,0
14861,0
13367,0
21144,0
2171,0
5427,0
9282,1
15757,0
16590,0
6367,1
3585,0
10050,0
7203,0
13495,0
18339,0
1210,0
13550,0
22528,0
5796,0
11157,0
17494,0
20112,0
354,0
6891,0
14991,0
12124,0
6947,0
5647,0
21016,0
17518,0
15987,0
15,0
8863,0
5812,0
20104,0
4506,0
463,0
11411,0
15519,0
15669,0
4750,0
18619,0
16813,0
19364,0
3312,0
3423,0
474,1
12331,1
11881,0
6565,0
3746,0
21775,0
4803,0
17433,0
2067,0
10404,0
15963,0
9494,0
10044,1
6064,0
10540,1
5272,0
14925,0
505,0
10165,0
9446,0
5152,0
7755,0
3494,0
21265,1
10395,0
10749,0
2990,0
15561,0
9970,0
16880,0
6366,0
13772,0
18546,0
17327,0
5092,0
16269,0
2112,1
21172,0
10847,0
21939,0
9885,1
4050,0
17521,0
13180,0
16556,0
9713,0
6470,0
7869,0
5854,0
8028,0
18745,0
93,0
14490,1
14863,0
12027,0
4943,0
13803,0
20641,0
4538,0
20958,0
4372,0
10567,0
22062,0
21698,0
16012,0
13785,0
19292,0
17897,0
19883,0
7934,0
20774,0
10873,0
4998,0
14137,0
21605,0
12122,0
5168,0
18340,0
19807,0
1051,0
21979,0
10095,0
21984,0
7792,0
20974,0
22503,1
14273,0
4322,0
16551,0
19388,0
7401,0
4979,0
19154,0
15385,0
4774,0
12841,0
20031,0
227,0
19910,0
1630,0
20916,0
18527,1
20414,0
8909,0
4085,0
19160,1
17831,0
20608,0
3942,0
4072,0
332,0
18715,0
5391,0
13773,0
15436,0
12235,0
855,1
17652,0
19097,1
7725,0
11771,0
19839,0
5933,0
10203,0
9911,0
2811,0
13833,0
11313,0
12245,0
9060,0
1066,1
12548,0
16509,0
17300,0
1969,1
2823,0
20746,0
18588,0
16263,0
19021,0
20602,0
12129,0
5711,0
12191,0
17587,0
8663,0
4324,0
10503,0
2884,1
15498,0
1587,0
2201,0
16618,0
6290,0
15920,0
2659,0
19456,0
19828,1
7654,0
13951,0
14759,0
4793,0
4719,0
2640,0
2196,0
6212,0
9083,0
19450,1
21019,0
1453,0
4987,0
1809,0
10910,0
3133,0
955,0
9167,0
17481,0
21740,0
3739,0
19256,0
16753,0
18504,0
17532,0
13192,0
6283,0
16740,0
12708,0
12215,0
12015,0
4564,0
18011,0
18773,0
17366,0
11293,0
21910,0
17065,0
19811,0
5776,0
14900,0
7354,0
9445,0
10132,0
20146,0
9196,1
20004,0
15004,0
17966,0
11804,0
17857,0
8873,0
22101,0
19939,1
16862,0
5337,0
2962,0
20666,0
12043,1
14885,0
5986,0
9564,0
20638,0
9332,0
13371,0
15274,0
8783,0
4426,0
12893,1
6444,0
6107,0
3405,0
11383,0
3579,0
21560,0
16720,0
20043,1
17387,0
12639,0
16997,0
17186,0
20870,0
15623,0
11834,0
6967,0
3733,0
19978,0
15886,0
10721,0
4795,0
1291,0
12915,0
17216,0
17668,0
17343,0
1221,0
3017,0
19351,0
11637,0
6584,0
16200,1
18913,0
20340,0
1530,0
6224,0
3947,0
12035,0
22356,0
8586,0
6229,0
20907,0
6920,1
20552,0
18921,0
11922,0
14135,0
18197,0
21566,0
22038,0
5278,0
8794,0
10108,0
10525,0
16290,0
13958,0
5984,0
5381,0
20892,0
19923,0
20362,0
7842,0
13768,0
13100,0
7414,0
2242,0
11143,0
2607,1
8950,0
8016,0
14808,1
16505,0
15087,1
22520,0
6655,0
13220,0
12182,0
8563,0
10663,0
18252,0
1930,0
5227,0
13316,0
18677,0
10980,1
12150,0
8221,0
732,0
1017,0
11401,0
6014,0
22415,0
15725,0
14850,0
14682,0
7982,0
586,0
13705,0
7049,1
20249,0
10226,0
6581,0
20791,0
17850,0
9644,0
17372,0
20270,0
17299,0
7896,0
10208,0
5641,0
3798,0
12563,0
18722,0
21718,0
14686,0
2191,1
19825,0
4270,0
60,0
6177,0
14664,0
9751,0
4129,0
18494,1
6987,0
5658,0
17798,0
21907,0
7674,1
7768,0
6049,1
18659,0
14630,0
5244,0
16561,0
2955,0
6429,0
14092,0
4887,0
2016,0
12084,0
709,0
12311,0
12721,0
22042,0
11121,0
18608,0
18770,0
14612,0
3129,0
21921,0
16511,0
16453,0
16252,0
16749,0
18123,0
7471,0
20042,0
9861,0
17992,0
19904,0
5582,0
6312,0
22022,0
516,0
17245,1
16974,0
13241,0
9560,0
19618,0
5889,0
14780,0
20626,0
5876,0
1361,0
8124,0
18607,0
11182,1
13352,0
21477,0
3697,0
5609,0
9662,0
15150,1
5186,0
2799,1
1544,0
599,0
7400,0
14037,1
1805,0
19548,0
20251,0
21481,0
8939,0
2193,0
4758,0
17385,0
8350,0
3056,0
828,0
14658,0
18982,0
2825,0
18925,0
21236,1
9590,0
18404,1
5981,0
1983,0
14815,0
18202,0
10107,1
12093,0
9041,0
8801,0
20507,1
10245,0
19073,0
13622,0
15486,1
13209,0
12799,0
13676,0
9432,0
11158,0
5864,0
18893,0
11720,0
1204,1
15889,0
2529,0
17845,1
18810,0
17934,0
17137,0
577,0
21513,0
14674,0
12161,0
7530,0
16778,0
19543,0
6736,0
9195,0
9768,0
12483,0
16196,0
20873,0
16710,1
375,0
15986,1
11826,0
17076,0
9978,0
11653,0
13324,0
16554,0
4548,0
18117,0
6516,0
13780,0
17414,0
4609,0
15964,0
7711,0
5781,0
8428,1
5375,0
5952,0
17595,0
15401,0
22017,0
5378,0
10233,0
14802,0
3805,0
8440,0
11566,0
12105,0
19242,0
5280,0
14112,0
7751,1
4245,0
12290,0
22512,0
6347,0
3515,0
6161,0
21751,0
3837,0
17828,0
17412,0
2717,0
17304,0
3841,0
1371,1
17759,0
5360,0
11792,0
13290,0
6871,0
17600,1
9237,0
12576,0
19342,0
3236,0
877,0
6758,0
3166,0
202,0
1122,0
13322,0
19761,1
9117,0
1402,0
9834,0
20433,0
172,0
4015,1
21891,0
14110,0
15220,0
18568,0
9535,0
12212,1
8787,0
17870,0
12017,0
10263,0
9696,0
17464,1
3871,0
17732,0
11457,0
10240,0
14129,0
3795,0
21115,0
3489,0
12585,0
15664,0
11721,0
402,0
9708,0
3003,0
8518,0
1012,0
9361,0
6442,0
7562,0
22164,0
15257,0
13699,1
18045,1
5895,0
16647,0
4482,0
2536,0
12628,0
21051,0
13828,0
22221,0
20822,0
22490,0
12813,0
20571,0
8713,0
1084,0
18554,0
16258,0
19489,0
21937,0
6774,0
2058,0
15944,0
12359,0
16824,0
18565,0
1499,0
9428,0
7245,0
6674,0
4307,0
17898,0
11642,0
9864,0
11344,0
13256,1
16124,0
2396,0
18362,0
335,0
219,0
16757,0
17800,0
1382,0
11763,0
3806,0
2837,0
4533,0
16177,0
9777,0
7551,0
8612,0
18965,0
18134,0
16924,0
19405,0
22358,1
7335,0
762,0
5686,0
2857,0
14852,0
6044,0
22299,0
18198,0
3880,0
22495,0
21113,0
13074,0
12146,0
14317,0
18734,0
12665,0
11862,0
19666,0
18376,1
11548,0
8791,0
18697,1
10879,0
11309,0
16487,0
19046,0
7052,0
21990,0
18705,0
1388,0
9659,0
3115,0
17690,0
19673,0
4100,0
2158,0
9782,0
197,0
2221,0
7470,0
15912,0
20918,0
3343,0
6096,0
15132,0
6689,0
2542,0
7520,0
4314,0
13904,0
13276,0
19006,1
15924,0
22054,1
4143,0
1617,0
22437,0
9517,0
18646,0
17834,0
6748,0
5235,0
21860,0
21434,0
8326,0
14258,0
2528,0
290,0
10876,0
15130,0
15913,0
17746,0
7776,0
6868,0
10674,0
11665,1
21606,1
5696,0
13015,0
1540,0
11954,0
1993,0
18359,0
4684,0
1378,0
7554,0
425,0
1441,0
20288,0
7004,0
5084,0
5120,0
9830,0
15908,0
3836,0
368,0
14088,0
6222,0
14170,0
14817,0
1306,0
8388,0
3101,0
20286,0
20177,0
6900,0
20682,0
7605,0
8940,0
6089,1
15094,0
7191,0
15062,0
7325,0
315,1
10795,0
312,0
10420,0
15649,0
2632,0
7391,1
19334,1
9047,0
7545,0
3952,0
6485,0
20127,0
1030,0
20160,0
4415,0
22255,0
6497,0
19938,0
4060,0
19432,0
5932,0
4915,0
2750,0
7653,0
18310,0
11918,0
18185,0
15907,0
12633,0
7948,0
4587,0
19833,0
13583,0
8610,0
549,0
3811,1
16879,0
21278,0
18175,0
15239,0
12768,1
16350,0
6400,0
1762,1
5980,0
1334,0
7571,1
19781,0
1789,1
17891,0
16617,1
9736,1
4948,0
1149,0
19503,0
16373,0
17675,0
20440,0
15173,0
1168,0
751,0
14769,0
10495,0
20217,0
11129,0
2229,0
4579,0
15640,0
10424,0
42,0
3920,0
22223,0
17951,0
5452,0
6244,0
9518,0
3556,1
10614,0
19251,0
14775,0
11479,0
7491,0
10232,0
18377,0
9495,0
6886,0
20999,0
17189,0
22538,1
16472,0
12675,0
7248,0
1464,0
19431,0
8877,0
17823,0
20067,0
1273,0
11611,0
20604,1
13338,0
6521,0
15472,0
4614,0
13523,0
22368,0
21787,0
18950,0
5384,0
14681,0
13511,0
18066,0
13729,0
16450,0
13789,0
8892,1
8818,0
18115,0
9323,0
8361,0
55,0
1270,0
2023,0
2013,0
3112,0
11183,0
1498,0
9536,0
10160,0
3944,0
2746,0
8395,0
9112,0
5093,0
17128,0
11543,0
6679,0
19530,0
7676,0
11573,0
6556,0
15851,1
15716,0
14903,0
16641,0
11719,1
16199,0
8767,1
2427,0
5217,0
11744,0
19201,1
16122,0
965,0
3430,0
6467,0
3597,0
7672,0
11730,1
13063,0
21444,0
17102,0
6940,0
15371,0
15050,0
10136,0
3036,0
15108,0
20448,0
13970,0
15989,0
11165,0
13137,0
16697,0
2404,0
18743,0
9488,1
16299,0
16240,0
4095,0
11351,0
14800,0
19717,0
7858,0
21100,0
19077,0
17990,0
18735,0
3681,0
3757,0
20991,1
22371,0
15654,0
19375,0
9249,0
8196,0
3285,0
2160,0
21899,0
311,0
16645,0
17318,0
22459,0
7807,0
3881,0
17296,1
682,0
7828,0
4070,0
13106,0
14776,0
18762,0
13275,0
12584,0
13514,0
11194,0
3914,0
19829,0
8645,0
10944,0
4530,0
10601,0
14046,0
18863,1
16314,0
7088,0
20526,0
21592,1
15626,0
3721,0
15652,0
21729,1
14568,0
12198,0
14452,0
4740,0
19472,0
17487,0
3064,0
5270,0
5628,0
5356,0
8499,0
6452,0
7140,1
11064,0
11626,1
6354,0
4419,0
22076,0
14101,0
1932,0
9692,0
5651,0
611,0
15158,1
4205,0
7557,0
8564,0
1653,0
3175,0
18140,0
7138,0
15938,0
16851,1
7297,0
1311,0
11945,0
10198,0
5649,0
8777,0
3030,0
2420,0
13679,0
4681,0
5393,0
20407,0
17896,0
16126,0
18473,1
19304,0
18817,0
11426,0
20346,0
13892,0
13171,0
10899,1
12314,0
20766,0
2018,0
3410,0
19273,0
4386,0
19537,0
6102,0
13907,0
10409,1
7424,0
18757,0
21086,0
14837,0
19146,0
20277,0
6255,0
18353,0
1444,0
7434,0
15061,1
3315,0
6298,0
3226,0
8532,0
19161,0
13997,0
6087,0
4282,0
21221,0
4038,0
19571,0
3241,0
20882,0
1844,0
21818,0
5342,0
13307,0
16363,0
20308,0
8851,0
3545,0
13089,0
15598,1
7064,0
14818,0
1631,0
340,0
17961,0
12044,1
10075,0
20267,0
22484,0
2762,0
16329,0
12950,0
10382,0
6706,1
20162,0
21727,0
7299,0
22070,0
16467,0
12562,0
12270,0
10400,0
10210,0
19488,0
3246,0
21379,0
9089,0
15012,1
18487,0
20859,0
11598,0
11970,0
40,0
6675,0
11362,0
4968,0
17443,0
10689,0
247,0
4169,0
11916,0
373,0
12107,0
10173,0
13727,0
19147,0
2670,0
10036,0
15228,0
8263,0
13112,0
3426,0
5685,1
6827,0
4693,0
6145,0
15841,0
10995,1
1838,0
6902,0
667,0
16991,0
15508,0
13064,0
20495,0
3791,0
7099,0
9134,0
4068,0
14044,0
20794,1
22027,1
7,0
5521,0
736,0
2498,0
706,0
21668,0
15383,0
5215,0
2771,1
1658,0
16829,0
6829,0
14310,1
5408,0
7000,0
2101,1
21919,0
18446,0
10493,0
17094,0
12914,0
19836,1
13672,0
9645,0
1392,0
2049,0
11994,0
2019,0
4657,0
18110,1
134,0
16546,0
10028,0
17008,0
15282,0
4634,0
19319,0
10234,0
13226,0
16690,0
8569,0
15835,0
13872,0
11308,0
6268,0
3308,0
13255,1
9123,0
11200,0
2000,0
7843,0
18861,0
21993,0
17101,0
5063,0
21306,0
22423,0
8754,0
617,0
3406,1
20496,0
14504,0
1821,0
8764,1
21339,0
10735,0
13333,0
13477,0
8496,0
18486,0
4565,0
22467,0
10943,1
8805,0
20398,0
10777,0
5516,0
6800,0
6722,0
20619,1
8689,0
14350,0
17748,0
14464,0
1341,1
22413,0
3773,1
9304,0
8691,0
15180,0
7888,0
2779,0
19014,0
3051,0
5421,0
10976,0
21058,0
11455,0
7404,1
15905,0
21079,0
11631,1
11511,1
6428,0
8065,0
14692,0
12645,0
15403,0
6389,0
3892,1
13950,0
9512,0
19924,0
15848,0
7886,0
261,0
2304,0
13864,0
13443,0
12670,0
1857,0
259,0
4584,0
18105,0
18679,0
8593,0
18103,0
19896,0
13585,0
21398,0
8294,0
6254,0
10137,0
11329,0
897,0
12611,0
773,0
14169,0
9130,0
1142,0
18478,0
1911,0
16698,0
21509,1
20105,0
9961,0
13651,0
11280,0
13813,0
17404,0
2454,0
16878,0
9319,1
17682,0
13271,0
4705,0
3286,1
2504,0
6424,0
22508,0
11028,0
9801,0
12030,0
2321,0
5363,0
11233,0
14901,0
18468,0
16386,0
20521,0
694,1
4934,0
1252,0
6418,0
13765,0
2030,0
5050,0
21716,1
7209,1
7923,0
16574,0
14548,0
433,0
7261,1
6934,0
9236,0
15533,0
2766,0
18626,0
5739,0
15110,0
12850,0
19587,0
13479,1
659,0
4880,0
10221,0
19667,0
13905,0
15899,0
19820,0
18299,0
22205,0
731,1
21190,1
10673,0
1954,0
20636,0
5687,0
4665,0
19750,0
13119,0
7658,0
15765,0
5373,0
3504,0
22376,0
1582,0
2718,1
7215,0
20129,0
1088,1
17079,0
9408,0
9169,0
14300,0
6562,0
14160,0
13357,0
13883,0
6874,0
20673,0
2688,0
15764,0
848,1
11741,0
2677,0
5029,0
3825,0
2849,0
5196,0
1652,0
5742,0
6266,0
14057,0
3910,0
7427,0
3743,0
2098,0
5906,0
1449,1
5249,0
6043,0
1621,0
8573,1
20271,0
12523,0
20178,0
10013,0
18859,0
21526,0
10790,0
11353,0
11415,0
5780,0
3569,0
17619,0
12626,0
9164,0
89,0
19494,0
13755,0
3732,0
14378,0
6481,0
2674,0
20650,0
17316,0
19689,1
13252,1
21755,0
17698,0
8397,0
2431,0
20540,1
8138,0
14532,0
12865,1
5114,0
15267,0
6820,0
11496,0
21691,0
15847,0
17639,0
5266,0
12047,0
10728,0
21039,1
9762,0
861,0
6907,0
19145,0
14688,0
3963,0
19308,0
4769,0
17914,0
6188,0
7461,0
12728,0
10902,1
2800,0
6476,0
19226,0
3637,0
22181,0
20660,0
13956,0
10147,0
7145,0
15801,1
10965,0
6329,0
6952,0
20085,0
16041,0
1108,0
18338,0
6663,0
17694,0
3630,0
2899,0
20814,1
15254,0
18445,1
8665,0
3633,0
15075,0
13014,0
15117,0
5767,0
891,0
3861,0
22394,1
4578,0
20744,0
2752,0
18112,0
4612,0
20441,0
16093,0
510,0
11949,0
9015,0
12363,0
1699,0
10190,1
18467,1
19699,0
2714,0
12408,0
5003,0
16334,0
22339,0
19560,0
5046,0
5621,0
16526,0
15433,0
3502,0
19062,0
3584,0
13758,1
11529,0
16759,0
1368,0
5709,0
8989,0
7405,0
8554,0
16581,0
8008,0
9787,0
14256,0
12310,0
7265,0
784,0
6084,0
5332,0
2715,0
1058,0
16979,0
13375,1
6913,1
1691,0
16648,0
1825,0
22453,0
14063,0
17302,0
228,0
11540,0
5887,0
17290,0
12644,0
4054,0
8890,0
763,1
3860,0
5960,0
20844,0
337,0
4306,0
16296,0
16891,0
12773,0
13663,0
22321,0
18382,0
3711,0
17336,0
12798,0
17985,0
15073,0
15287,0
17768,0
18578,0
13962,0
2306,0
6575,0
10953,0
9120,0
2007,0
4956,0
1608,1
19091,0
2419,0
10961,0
7704,0
12009,0
1071,0
6416,0
17633,0
10865,0
11421,0
18972,0
21699,0
2162,1
6523,0
18399,0
13709,0
10363,0
802,0
12420,0
14077,0
21756,0
7506,1
21069,0
17116,0
22387,0
6165,0
2305,0
1770,0
17009,0
7163,0
17648,0
5377,0
2970,0
2512,0
16543,0
7686,0
11522,0
18111,0
16787,0
9102,0
3000,0
11999,0
168,0
9456,0
1708,0
15002,0
10858,0
9721,0
18967,0
13415,1
21368,0
12663,0
4410,0
19745,0
1798,0
512,0
20117,0
4833,0
8047,0
2070,0
16855,0
4048,0
9109,0
22285,0
13900,0
708,0
19622,0
10099,0
14724,0
5535,0
7111,0
944,0
6680,0
15227,0
14095,0
369,0
20582,0
10018,0
13692,0
2926,0
7552,0
81,1
16465,0
20528,0
13244,0
14471,0
5159,0
3398,0
20120,0
22343,0
16456,0
22100,0
1733,0
7859,0
13796,0
1810,0
14934,0
20897,1
5111,0
465,0
4220,0
2724,0
3009,0
992,0
13321,0
20096,0
10140,0
1,0
18461,1
21055,0
13175,0
7682,0
21476,0
16115,0
11244,0
21842,0
12653,0
19437,0
15759,0
4172,0
18707,0
3890,0
4747,0
2243,0
17217,0
21416,0
7320,1
10167,1
17571,0
1218,0
19756,1
3233,0
3357,1
4466,0
10315,0
4066,0
11180,0
8870,1
6132,0
574,0
20050,0
8928,0
12383,0
3280,0
15605,1
2613,0
4099,1
4240,0
14825,1
4262,0
21494,1
7797,0
5325,0
1020,0
16454,0
16948,0
11894,0
8203,0
2588,0
21573,0
10380,0
21014,0
17909,0
20790,0
4224,1
3200,0
6332,0
15288,0
5496,0
18300,0
2860,0
3279,0
18471,0
5862,0
14375,0
2720,0
13832,0
19373,0
14425,1
11230,0
21667,0
9181,0
14636,1
17390,0
16578,0
8668,0
16248,0
2853,1
4989,0
4602,0
6340,0
14536,0
7027,0
19736,0
11088,0
11469,0
11707,0
8872,0
17072,0
9843,0
11480,0
10635,0
15481,0
14870,0
14975,0
6438,0
21264,0
3780,0
19314,0
3650,0
9639,0
5901,0
10218,0
7639,0
14557,0
1369,0
2177,0
657,0
681,0
12199,0
18512,0
20985,1
18559,1
3232,0
3106,0
20817,0
13512,0
11852,0
16621,0
1986,0
1035,0
11572,0
20656,0
825,0
7595,0
11297,0
2885,0
8687,1
15629,0
21457,0
9972,0
10265,0
19647,0
8841,1
16747,0
36,0
21981,0
13117,1
7110,0
15698,0
4739,0
4028,0
20368,0
5463,0
11745,0
16405,0
8871,0
11797,0
12313,0
12406,0
16478,0
8701,0
14944,0
19726,0
9892,1
10445,0
2893,0
13623,0
19495,0
9344,1
6567,0
12296,1
9655,1
3533,0
5762,0
19032,0
10512,0
4735,0
5576,0
21042,0
6001,0
15731,0
8104,0
17913,0
20903,0
21689,0
5355,0
21155,0
17460,0
19443,0
16174,0
22471,0
14005,0
16894,0
1126,1
6507,0
17025,0
1878,0
18288,1
11277,1
9983,0
8657,0
18137,0
7108,0
255,0
11474,0
19140,0
